Product,FinancialPrice,data
CupomCambialAcumulado,0.029621112193356676,"2003-02-27 00:00:00"
CupomCambialAcumulado,0.029242974778413887,"2003-02-28 00:00:00"
CupomCambialAcumulado,0.02884395006657292,"2003-03-05 00:00:00"
CupomCambialAcumulado,0.028871034324455768,"2003-03-06 00:00:00"
CupomCambialAcumulado,0.028900410761193932,"2003-03-07 00:00:00"
CupomCambialAcumulado,0.02894095357610172,"2003-03-10 00:00:00"
CupomCambialAcumulado,0.028966964329898502,"2003-03-11 00:00:00"
CupomCambialAcumulado,0.02901105931694475,"2003-03-12 00:00:00"
CupomCambialAcumulado,0.029019028552757998,"2003-03-13 00:00:00"
CupomCambialAcumulado,0.029054018144024113,"2003-03-14 00:00:00"
CupomCambialAcumulado,0.029086135405595407,"2003-03-17 00:00:00"
CupomCambialAcumulado,0.029100745818623763,"2003-03-18 00:00:00"
CupomCambialAcumulado,0.029130877038911315,"2003-03-19 00:00:00"
CupomCambialAcumulado,0.02915037316283895,"2003-03-20 00:00:00"
CupomCambialAcumulado,0.029155272928768326,"2003-03-21 00:00:00"
CupomCambialAcumulado,0.029182638243507197,"2003-03-24 00:00:00"
CupomCambialAcumulado,0.029203986826545056,"2003-03-25 00:00:00"
CupomCambialAcumulado,0.029245413074904598,"2003-03-26 00:00:00"
CupomCambialAcumulado,0.029289358582092438,"2003-03-27 00:00:00"
CupomCambialAcumulado,0.02972251500597511,"2003-03-28 00:00:00"
CupomCambialAcumulado,0.029366375132333273,"2003-03-31 00:00:00"
CupomCambialAcumulado,0.028958712069862485,"2003-04-01 00:00:00"
CupomCambialAcumulado,0.028974589791973728,"2003-04-02 00:00:00"
CupomCambialAcumulado,0.029000064228383443,"2003-04-03 00:00:00"
CupomCambialAcumulado,0.02903152333869906,"2003-04-04 00:00:00"
CupomCambialAcumulado,0.02903905585554678,"2003-04-07 00:00:00"
CupomCambialAcumulado,0.029081647535556546,"2003-04-08 00:00:00"
CupomCambialAcumulado,0.029107934730841452,"2003-04-09 00:00:00"
CupomCambialAcumulado,0.029149472715786807,"2003-04-10 00:00:00"
CupomCambialAcumulado,0.02915542518684276,"2003-04-11 00:00:00"
CupomCambialAcumulado,0.029166217332539175,"2003-04-14 00:00:00"
CupomCambialAcumulado,0.029174343106285847,"2003-04-15 00:00:00"
CupomCambialAcumulado,0.029198260797926895,"2003-04-16 00:00:00"
CupomCambialAcumulado,0.029208645321500623,"2003-04-17 00:00:00"
CupomCambialAcumulado,0.029230520053497053,"2003-04-22 00:00:00"
CupomCambialAcumulado,0.029254869008242982,"2003-04-23 00:00:00"
CupomCambialAcumulado,0.029292281221942662,"2003-04-24 00:00:00"
CupomCambialAcumulado,0.029316714091060552,"2003-04-25 00:00:00"
CupomCambialAcumulado,0.029340254288117925,"2003-04-28 00:00:00"
CupomCambialAcumulado,0.02987151089234792,"2003-04-29 00:00:00"
CupomCambialAcumulado,0.029376287110933704,"2003-04-30 00:00:00"
CupomCambialAcumulado,0.028964412329424927,"2003-05-02 00:00:00"
CupomCambialAcumulado,0.02900347081893522,"2003-05-05 00:00:00"
CupomCambialAcumulado,0.029012443585911277,"2003-05-06 00:00:00"
CupomCambialAcumulado,0.029027720884826864,"2003-05-07 00:00:00"
CupomCambialAcumulado,0.02904303588689061,"2003-05-08 00:00:00"
CupomCambialAcumulado,0.02905636100294784,"2003-05-09 00:00:00"
CupomCambialAcumulado,0.029072064135489215,"2003-05-12 00:00:00"
CupomCambialAcumulado,0.029118767729622966,"2003-05-13 00:00:00"
CupomCambialAcumulado,0.029145698621419858,"2003-05-14 00:00:00"
CupomCambialAcumulado,0.029182727257639825,"2003-05-15 00:00:00"
CupomCambialAcumulado,0.029202005531773562,"2003-05-16 00:00:00"
CupomCambialAcumulado,0.029220495622875906,"2003-05-19 00:00:00"
CupomCambialAcumulado,0.02925229802202928,"2003-05-20 00:00:00"
CupomCambialAcumulado,0.02927265056512186,"2003-05-21 00:00:00"
CupomCambialAcumulado,0.029287502764061682,"2003-05-22 00:00:00"
CupomCambialAcumulado,0.029305312595519023,"2003-05-23 00:00:00"
CupomCambialAcumulado,0.02933298516214852,"2003-05-26 00:00:00"
CupomCambialAcumulado,0.029351028227790697,"2003-05-27 00:00:00"
CupomCambialAcumulado,0.029361571685405718,"2003-05-28 00:00:00"
CupomCambialAcumulado,0.0299295597065222,"2003-05-29 00:00:00"
CupomCambialAcumulado,0.029441680885564148,"2003-05-30 00:00:00"
CupomCambialAcumulado,0.02891732503004536,"2003-06-02 00:00:00"
CupomCambialAcumulado,0.028934177452527,"2003-06-03 00:00:00"
CupomCambialAcumulado,0.028950724333131075,"2003-06-04 00:00:00"
CupomCambialAcumulado,0.028961800441349862,"2003-06-05 00:00:00"
CupomCambialAcumulado,0.028990744248468862,"2003-06-06 00:00:00"
CupomCambialAcumulado,0.02901872618900888,"2003-06-09 00:00:00"
CupomCambialAcumulado,0.029041383375632928,"2003-06-10 00:00:00"
CupomCambialAcumulado,0.029063989559360952,"2003-06-11 00:00:00"
CupomCambialAcumulado,0.02910288137050426,"2003-06-12 00:00:00"
CupomCambialAcumulado,0.029126446942660374,"2003-06-13 00:00:00"
CupomCambialAcumulado,0.029155909843878773,"2003-06-16 00:00:00"
CupomCambialAcumulado,0.02918687625170303,"2003-06-17 00:00:00"
CupomCambialAcumulado,0.029218165125231232,"2003-06-18 00:00:00"
CupomCambialAcumulado,0.02924017203163186,"2003-06-20 00:00:00"
CupomCambialAcumulado,0.029261735727143964,"2003-06-23 00:00:00"
CupomCambialAcumulado,0.029294554425300594,"2003-06-24 00:00:00"
CupomCambialAcumulado,0.029325130702175205,"2003-06-25 00:00:00"
CupomCambialAcumulado,0.029360840862414014,"2003-06-26 00:00:00"
CupomCambialAcumulado,0.029943553297944927,"2003-06-27 00:00:00"
CupomCambialAcumulado,0.029423521920493793,"2003-06-30 00:00:00"
CupomCambialAcumulado,0.02896990622808063,"2003-07-01 00:00:00"
CupomCambialAcumulado,0.02899179337661983,"2003-07-02 00:00:00"
CupomCambialAcumulado,0.029014886775820654,"2003-07-03 00:00:00"
CupomCambialAcumulado,0.02904991215307242,"2003-07-04 00:00:00"
CupomCambialAcumulado,0.029084099050693056,"2003-07-07 00:00:00"
CupomCambialAcumulado,0.02911679513963762,"2003-07-08 00:00:00"
CupomCambialAcumulado,0.029168205036010402,"2003-07-10 00:00:00"
CupomCambialAcumulado,0.029199003180317894,"2003-07-11 00:00:00"
"ABSOLUTE FD SPC LTC",980.7709575935407,"2016-07-31 00:00:00"
"ABSOLUTE FD SPC LTC",980.7828704962183,"2016-06-30 00:00:00"
"ABSOLUTE FD SPC LTC",972.1384078146926,"2016-05-31 00:00:00"
"ABSOLUTE FD SPC LTC",970.3643864000093,"2016-04-30 00:00:00"
"ABSOLUTE FD SPC LTC",969.1642865907874,"2016-03-31 00:00:00"
"ABSOLUTE FD SPC LTC",972.9985394096906,"2016-02-29 00:00:00"
"ABSOLUTE FD SPC LTC",982.1138120180406,"2016-01-31 00:00:00"
"ABSOLUTE FD SPC LTC",971.6741049355492,"2015-12-31 00:00:00"
"ABSOLUTE FD SPC LTC",985.0999462530492,"2015-11-30 00:00:00"
"ABSOLUTE FD SPC LTC",965.2363322852783,"2015-10-31 00:00:00"
"ABSOLUTE FD SPC LTC",967.8557693563579,"2015-09-30 00:00:00"
"ABSOLUTE FD SPC LTC",966.6115217313313,"2015-08-31 00:00:00"
"ABSOLUTE FD SPC LTC",977.1925819111384,"2015-07-31 00:00:00"
"ABSOLUTE FD SPC LTC",959.7519922829077,"2015-06-30 00:00:00"
"ABSOLUTE FD SPC LTC",987.8683446618102,"2015-05-31 00:00:00"
"ABSOLUTE FD SPC LTC",991.0485891345633,"2015-04-30 00:00:00"
"ABSOLUTE FD SPC LTC",1018.811758987028,"2015-03-31 00:00:00"
"ABSOLUTE FD SPC LTC",1012.4384561630116,"2015-02-28 00:00:00"
"ABSOLUTE FD SPC LTC",1019.1181908785886,"2015-01-31 00:00:00"
"ABSOLUTE FD SPC LTC",1011.0048033962559,"2014-12-31 00:00:00"
"ABSOLUTE FD SPC LTC",998.8159017886946,"2014-11-30 00:00:00"
"ABSOLUTE FD SPC LTC",988.3264408185503,"2014-10-31 00:00:00"
"ABSOLUTE FD SPC LTC",993.573623960056,"2014-09-30 00:00:00"
"ABSOLUTE FD SPC LTC",983.0921716639806,"2014-08-31 00:00:00"
"ABSOLUTE FD SPC LTC",978.548650647852,"2014-07-31 00:00:00"
"ABSOLUTE FD SPC LTC",983.4380462753304,"2014-06-30 00:00:00"
"ABSOLUTE FD SPC LTC",981.7562247208651,"2014-05-31 00:00:00"
"ABSOLUTE FD SPC LTC",976.3014167041235,"2014-04-30 00:00:00"
"ABSOLUTE FD SPC LTC",976.5838225734775,"2014-03-31 00:00:00"
"ABSOLUTE FD SPC LTC",985.5631479395083,"2014-02-28 00:00:00"
"ABSOLUTE FD SPC LTC",984.0170734105104,"2014-01-31 00:00:00"
"ABSOLUTE FD SPC LTC",996.8520747985787,"2013-12-31 00:00:00"
"ABSOLUTE FD SPC LTC",991.2689277798833,"2013-11-30 00:00:00"
"ABSOLUTE FD SPC LTC",986.8042922033333,"2013-10-31 00:00:00"
"ABSOLUTE FD SPC LTC",980.1006315739754,"2013-09-30 00:00:00"
"ABSOLUTE FD SPC LTC",978.0565005889562,"2013-08-31 00:00:00"
"ABSOLUTE FD SPC LTC",981.8660465592725,"2013-07-31 00:00:00"
"ABSOLUTE FD SPC LTC",985.1656173804142,"2013-06-30 00:00:00"
"ABSOLUTE FD SPC LTC",991.5100889777827,"2013-05-31 00:00:00"
"ABSOLUTE FD SPC LTC",992.2405801612907,"2013-04-30 00:00:00"
"ABSOLUTE FD SPC LTC",986.4189748721944,"2013-03-31 00:00:00"
"ABSOLUTE FD SPC LTC",986.2764204737683,"2013-02-28 00:00:00"
"ABSOLUTE FD SPC LTC",989.4827932456711,"2013-01-31 00:00:00"
"ABSOLUTE FD SPC LTC",977.7948342011184,"2012-12-31 00:00:00"
"ABSOLUTE FD SPC LTC",967.8835994987472,"2012-11-30 00:00:00"
"ABSOLUTE FD SPC LTC",965.518237612503,"2012-10-31 00:00:00"
"ABSOLUTE FD SPC LTC",968.4066660238711,"2012-09-30 00:00:00"
"ABSOLUTE FD SPC LTC",964.186194897996,"2012-08-31 00:00:00"
TEAP,757.6851166481053,"2013-12-31 00:00:00"
TEAP,745.3032648595988,"2014-01-31 00:00:00"
TEAP,764.7246118274091,"2014-02-28 00:00:00"
TEAP,769.7399164343412,"2014-03-31 00:00:00"
TEAP,776.5585147946317,"2014-04-30 00:00:00"
TEAP,791.358411295414,"2014-05-30 00:00:00"
TEAP,799.159871496229,"2014-06-30 00:00:00"
TEAP,800.2453820385314,"2014-07-31 00:00:00"
TEAP,818.8577409123242,"2014-08-29 00:00:00"
TEAP,809.5705140491772,"2014-09-30 00:00:00"
TEAP,819.0896988656411,"2014-10-31 00:00:00"
TEAP,832.9800796862652,"2014-11-28 00:00:00"
TEAP,829.780032297652,"2014-12-31 00:00:00"
TEAP,840.6155610301166,"2015-01-30 00:00:00"
TEAP,871.7673569706363,"2015-02-27 00:00:00"
TEAP,872.2540774368696,"2015-03-31 00:00:00"
TEAP,877.1895654411862,"2015-04-30 00:00:00"
TEAP,878.907378597334,"2015-05-29 00:00:00"
TEAP,853.2066455598738,"2015-06-30 00:00:00"
TEAP,862.8123144169405,"2015-07-31 00:00:00"
TEAP,821.4476379027142,"2015-08-31 00:00:00"
TEAP,804.3272846826762,"2015-09-30 00:00:00"
TEAP,845.7166111604924,"2015-10-30 00:00:00"
TEAP,850.5865134923454,"2015-11-30 00:00:00"
TEAP,836.2612030490981,"2015-12-31 00:00:00"
TEAP,813.7309168264187,"2016-01-29 00:00:00"
TEAP,807.7567604563253,"2016-02-29 00:00:00"
TEAP,834.782940289292,"2016-03-31 00:00:00"
TEAP,837.9203172236681,"2016-04-29 00:00:00"
TEAP,848.1918081040667,"2016-05-31 00:00:00"
TEAP,849.1742810814044,"2016-06-30 00:00:00"
TEAP,873.6800196575166,"2016-07-29 00:00:00"
TEAP,876.5267440443788,"2016-08-31 00:00:00"
TEAP,876.7531637228147,"2016-09-30 00:00:00"
TEAP,872.9465773356405,"2016-10-31 00:00:00"
TEAP,882.0761272934742,"2016-11-30 00:00:00"
TEAP,898.3577659755123,"2016-12-30 00:00:00"
TEAP,904.6088219582588,"2017-01-31 00:00:00"
TEAP,929.1764729588374,"2017-02-28 00:00:00"
TEAP,933.5977869606438,"2017-03-31 00:00:00"
TEAP,939.8139747607582,"2017-04-28 00:00:00"
TEAP,947.3872914596881,"2017-05-31 00:00:00"
TEAP,945.2635472253086,"2017-06-30 00:00:00"
TEAP,958.5917632411854,"2017-07-31 00:00:00"
TEAP,965.0143280549013,"2017-08-31 00:00:00"
TEAP,970.9974168888416,"2017-09-29 00:00:00"
TEAP,987.1159740091964,"2017-10-31 00:00:00"
TEAP,988.9914943598138,"2017-11-30 00:00:00"
TEAP,999.9969917090499,"2017-12-29 00:00:00"
TEAP,1026.3779123473264,"2018-01-31 00:00:00"
TEAP,1000,"2018-02-28 00:00:00"
TEAP,1000,"2018-03-30 00:00:00"
"FOCUS GENERATION-J",1126.72,"2015-12-31 00:00:00"
"FOCUS GENERATION-J",1092.11,"2016-01-29 00:00:00"
"FOCUS GENERATION-J",1091.42,"2016-02-29 00:00:00"
"FOCUS GENERATION-J",1132.45,"2016-03-31 00:00:00"
"FOCUS GENERATION-J",1151.58,"2016-04-29 00:00:00"
"FOCUS GENERATION-J",1176.99,"2016-05-31 00:00:00"
"FOCUS GENERATION-J",1096.66,"2016-06-30 00:00:00"
"FOCUS GENERATION-J",1130.2,"2016-07-29 00:00:00"
"FOCUS GENERATION-J",1144.09,"2016-08-31 00:00:00"
"FOCUS GENERATION-J",1144.09,"2016-09-30 00:00:00"
"FOCUS GENERATION-J",1141.6,"2016-10-31 00:00:00"
"FOCUS GENERATION-J",1141.6,"2016-11-30 00:00:00"
"FOCUS GENERATION-J",1196.73,"2016-12-30 00:00:00"
"FOCUS GENERATION-J",1182.53,"2017-01-31 00:00:00"
"FOCUS GENERATION-J",1234.92,"2017-02-28 00:00:00"
"FOCUS GENERATION-J",1254.31,"2017-03-31 00:00:00"
"FOCUS GENERATION-J",1287.47,"2017-04-28 00:00:00"
"M SQUARE BRAZIL",1,"2015-12-31 00:00:00"
"DYNAMO GLOBAL FD",1989.51,"2015-12-31 00:00:00"
"INDUS JAPAN",3301.11,"2015-12-31 00:00:00"
"POLAR CAPITAL-JPN-RUSDHDGD",19.06,"2015-12-31 00:00:00"
"TIGER GLB LONG OPPTY CLAS A SUB",106.72,"2015-12-31 00:00:00"
"VULCAN VALUE EQUITY FD-U ACC",109.64,"2015-12-31 00:00:00"
"BLUEBAY-EMRG MKT HY CP-I USD",104.94,"2015-12-31 00:00:00"
"MONEDA LATIN AMERICAN CORP",1352.87,"2015-12-31 00:00:00"
"GS BANK LOAN",125.6874,"2015-12-31 00:00:00"
"GS GLOBAL HIGH YIELD-I USD A",15.66,"2015-12-31 00:00:00"
"BREVAN HOWARD FD USD CL B",223.71,"2015-12-31 00:00:00"
"BREVAN HOWARD FUND LTD (USD)",301.1,"2015-12-31 00:00:00"
"CLAREN ROAD CRED",1604.43,"2015-12-31 00:00:00"
"DISCOVERY GLOBAL",916.46,"2015-12-31 00:00:00"
"DW CATALYST OFFSHORE 1/R 15",169.51,"2015-12-31 00:00:00"
"Pennant Windward Fund.1",966.41,"2015-12-31 00:00:00"
"SRS Partners CL A S1",3024.18,"2015-12-31 00:00:00"
"SRS Partners CL B",1184.62,"2015-12-31 00:00:00"
"SRS Partners CL B 1A SIE; 1 INIT",3013.49,"2015-12-31 00:00:00"
"Valinor Capital Ptnrs",883.17,"2015-12-31 00:00:00"
"WELLINGTON WOLF CREEK P3 S.19",10.9459,"2015-12-31 00:00:00"
"WELLINGTON WOLF CREEK P4 S.19",10.0759,"2015-12-31 00:00:00"
"WOLF CREEK",41.809,"2015-12-31 00:00:00"
"Wolf Creek CRKSP1 S.119",5.055,"2015-12-31 00:00:00"
DBACC49,20.53213,"2015-12-31 00:00:00"
"3G SPECIAL SITUATIONS FUND IV SUB/RED",1466.99,"2015-12-31 00:00:00"
"BLACK COMM MS II",527.4,"2015-12-31 00:00:00"
"CAXTON GLOBAL",16.3112,"2015-12-31 00:00:00"
"D.E. Shaw Composite Intl B Ordinary",1.93,"2015-12-31 00:00:00"
"DE SHAW COMP SP",1.06,"2015-12-31 00:00:00"
"GREEN HG 90 CL",301.78,"2015-12-31 00:00:00"
"GS INVEST PAR SP",71.3784,"2015-12-31 00:00:00"
"HARBINGER SP",425.44,"2015-12-31 00:00:00"
"HERMITAGE GLOBAL",28.59,"2015-12-31 00:00:00"
"HG GLOBAL",141.65,"2015-12-31 00:00:00"
"INDUS DESIGNATED POSITIO",593.52,"2015-12-31 00:00:00"
"LUXOR CAP PARTN –J",688.99,"2015-12-31 00:00:00"
"LUXOR CAPITAL PART LUXA2/200-2",1058.587,"2015-12-31 00:00:00"
"LUXOR CAPITAL PART LUXA2/200-4",1092.3,"2015-12-31 00:00:00"
"LUXOR CAPITAL PART LUXA2/200-5",1092.3,"2015-12-31 00:00:00"
"LUXOR CAPITAL PARTNR A2/200-1",1025.64,"2015-12-31 00:00:00"
"LUXOR CAPITAL PARTNR A2/20-1",1058.57,"2015-12-31 00:00:00"
"NEXTAR FUND CL B",717.24,"2015-12-31 00:00:00"
"PIMCO GLOBAL CRE",1709.37,"2015-12-31 00:00:00"
"Pollux Fund CL A SER 5 SP",1104.7,"2015-12-31 00:00:00"
"Pollux Fund CL A SER 6 SP",1098.5,"2015-12-31 00:00:00"
"QVT SI S/O CSI11",1217.96,"2015-12-31 00:00:00"
"QVT SLV O/S 1135",900.59,"2015-12-31 00:00:00"
"QVT SLV SEB 1064",873.1147,"2015-12-31 00:00:00"
"QVT SP O/S CSI",1236.3812,"2015-12-31 00:00:00"
"Radar Capital Fund CL B",223.32,"2015-12-31 00:00:00"
"Radar Capital Fund CL B SP1 12/08",99.48,"2015-12-31 00:00:00"
"SAC EX 72 CILTD",0.7721,"2015-12-31 00:00:00"
"SAC EX 72 SCILTD",0.6899,"2015-12-31 00:00:00"
"TAO L HOLDINGS SPV",40952.22,"2015-12-31 00:00:00"
"THE RAPTOR",513.5008,"2015-12-31 00:00:00"
"TIGER GLOBAL.1",893.59,"2015-12-31 00:00:00"
"TUDOR CLASS",1398.12,"2015-12-31 00:00:00"
"VIKING GLB CL H",3172.8,"2015-12-31 00:00:00"
"Winton Futures B LEAD SERIES",1052.37,"2015-12-31 00:00:00"
"M SQUARE BRAZIL",0.977544,"2016-01-29 00:00:00"
"DYNAMO GLOBAL FD",1989.51,"2016-01-29 00:00:00"
"INDUS JAPAN",3103.139179,"2016-01-29 00:00:00"
"POLAR CAPITAL-JPN-RUSDHDGD",17.51,"2016-01-29 00:00:00"
"TIGER GLB LONG OPPTY CLAS A SUB",92.09936,"2016-01-29 00:00:00"
"BLUEBAY-EMRG MKT HY CP-I USD",103.75,"2016-01-29 00:00:00"
"MONEDA LATIN AMERICAN CORP",1328.320001,"2016-01-29 00:00:00"
"GS BANK LOAN",125.68739,"2016-01-29 00:00:00"
"GS GLOBAL HIGH YIELD-I USD A",15.36,"2016-01-29 00:00:00"
"BREVAN HOWARD FD USD CL B",226.129792,"2016-01-29 00:00:00"
"BREVAN HOWARD FUND LTD (USD)",304.354456,"2016-01-29 00:00:00"
"CLAREN ROAD CRED",1571.058059,"2016-01-29 00:00:00"
"DISCOVERY GLOBAL",916.460011,"2016-01-29 00:00:00"
"DW CATALYST OFFSHORE 1/R 15",166.099751,"2016-01-29 00:00:00"
"Pennant Windward Fund.1",966.41,"2016-01-29 00:00:00"
"SRS Partners CL A S1",2712.139278,"2016-01-29 00:00:00"
"SRS Partners CL B",1066.158,"2016-01-29 00:00:00"
"SRS Partners CL B 1A SIE; 1 INIT",2721.763389,"2016-01-29 00:00:00"
"Valinor Capital Ptnrs",812.5164,"2016-01-29 00:00:00"
"WELLINGTON WOLF CREEK P3 S.19",4.588051,"2016-01-29 00:00:00"
"WELLINGTON WOLF CREEK P4 S.19",4.22352,"2016-01-29 00:00:00"
"Wolf Creek CRKSP1 S.119",2.11595,"2016-01-29 00:00:00"
DBACC49,20.067203,"2016-01-29 00:00:00"
"3G SPECIAL SITUATIONS FUND IV SUB/RED",1466.986962,"2016-01-29 00:00:00"
"BLACK COMM MS II",527.394579,"2016-01-29 00:00:00"
"CAXTON GLOBAL",16.31,"2016-01-29 00:00:00"
"D.E. Shaw Composite Intl B Ordinary",1.93,"2016-01-29 00:00:00"
"DE SHAW COMP SP",1.13,"2016-01-29 00:00:00"
"GREEN HG 90 CL",302.57,"2016-01-29 00:00:00"
"GS INVEST PAR SP",70.8302,"2016-01-29 00:00:00"
"HARBINGER SP",425.437701,"2016-01-29 00:00:00"
"HERMITAGE GLOBAL",28.590004,"2016-01-29 00:00:00"
"HG GLOBAL",138.58,"2016-01-29 00:00:00"
"INDUS DESIGNATED POSITIO",593.51763,"2016-01-29 00:00:00"
"LUXOR CAP PARTN –J",648.928571,"2016-01-29 00:00:00"
"LUXOR CAPITAL PART LUXA2/200-2",1070,"2016-01-29 00:00:00"
"LUXOR CAPITAL PART LUXA2/200-4",1065,"2016-01-29 00:00:00"
"LUXOR CAPITAL PART LUXA2/200-5",1105,"2016-01-29 00:00:00"
"LUXOR CAPITAL PARTNR A2/200-1",1014,"2016-01-29 00:00:00"
"LUXOR CAPITAL PARTNR A2/20-1",1085.833333,"2016-01-29 00:00:00"
"NEXTAR FUND CL B",724.02999,"2016-01-29 00:00:00"
"PIMCO GLOBAL CRE",1729.099998,"2016-01-29 00:00:00"
"Pollux Fund CL A SER 5 SP",1098.913553,"2016-01-29 00:00:00"
"Pollux Fund CL A SER 6 SP",1092.785379,"2016-01-29 00:00:00"
"QVT SI S/O CSI11",1217.918583,"2016-01-29 00:00:00"
"QVT SLV O/S 1135",900.594867,"2016-01-29 00:00:00"
"QVT SLV SEB 1064",873.105106,"2016-01-29 00:00:00"
"QVT SP O/S CSI",1236.414162,"2016-01-29 00:00:00"
"Radar Capital Fund CL B",226.64015,"2016-01-29 00:00:00"
"Radar Capital Fund CL B SP1 12/08",99.479722,"2016-01-29 00:00:00"
"SAC EX 72 CILTD",0.769986,"2016-01-29 00:00:00"
"SAC EX 72 SCILTD",0.69,"2016-01-29 00:00:00"
"TAO L HOLDINGS SPV",41790.952381,"2016-01-29 00:00:00"
"THE RAPTOR",513.494116,"2016-01-29 00:00:00"
"TIGER GLOBAL.1",776.529711,"2016-01-29 00:00:00"
"TUDOR CLASS",1361.887501,"2016-01-29 00:00:00"
"VIKING GLB CL H",3100.400159,"2016-01-29 00:00:00"
"Winton Futures B LEAD SERIES",1032,"2016-01-29 00:00:00"
"M SQUARE BRAZIL",0.977753,"2016-02-29 00:00:00"
"DYNAMO GLOBAL FD",1880.219999,"2016-02-29 00:00:00"
"INDUS JAPAN",2899.809235,"2016-02-29 00:00:00"
"POLAR CAPITAL-JPN-RUSDHDGD",15.02,"2016-02-29 00:00:00"
"TIGER GLB LONG OPPTY CLAS A SUB",88.5081,"2016-02-29 00:00:00"
"BLUEBAY-EMRG MKT HY CP-I USD",105.01,"2016-02-29 00:00:00"
"MONEDA LATIN AMERICAN CORP",1330.470001,"2016-02-29 00:00:00"
"GS BANK LOAN",125.054238,"2016-02-29 00:00:00"
"GS GLOBAL HIGH YIELD-I USD A",15.26,"2016-02-29 00:00:00"
"BREVAN HOWARD FD USD CL B",227.255615,"2016-02-29 00:00:00"
"BREVAN HOWARD FUND LTD (USD)",305.862255,"2016-02-29 00:00:00"
"CLAREN ROAD CRED",1516.767552,"2016-02-29 00:00:00"
"DISCOVERY GLOBAL",916.460011,"2016-02-29 00:00:00"
"DW CATALYST OFFSHORE 1/R 15",164.468699,"2016-02-29 00:00:00"
"Pennant Windward Fund.1",966.41,"2016-02-29 00:00:00"
"SRS Partners CL A S1",2578.454164,"2016-02-29 00:00:00"
"SRS Partners CL B",1013.679167,"2016-02-29 00:00:00"
"SRS Partners CL B 1A SIE; 1 INIT",2588.195368,"2016-02-29 00:00:00"
"Valinor Capital Ptnrs",811.67,"2016-02-29 00:00:00"
"WELLINGTON WOLF CREEK P3 S.19",4.865131,"2016-02-29 00:00:00"
"WELLINGTON WOLF CREEK P4 S.19",1.47074,"2016-02-29 00:00:00"
"Wolf Creek CRKSP1 S.119",2.04053,"2016-02-29 00:00:00"
DBACC49,18.53759,"2016-02-29 00:00:00"
"3G SPECIAL SITUATIONS FUND IV SUB/RED",1466.98696,"2016-02-29 00:00:00"
"BLACK COMM MS II",302.617027,"2016-02-29 00:00:00"
"CAXTON GLOBAL",16.37,"2016-02-29 00:00:00"
"D.E. Shaw Composite Intl B Ordinary",1.99,"2016-02-29 00:00:00"
"DE SHAW COMP SP",1.13,"2016-02-29 00:00:00"
"GREEN HG 90 CL",304.15,"2016-02-29 00:00:00"
"GS INVEST PAR SP",69.520039,"2016-02-29 00:00:00"
"HARBINGER SP",425.437701,"2016-02-29 00:00:00"
"HERMITAGE GLOBAL",28.590004,"2016-02-29 00:00:00"
"HG GLOBAL",136.1,"2016-02-29 00:00:00"
"INDUS DESIGNATED POSITIO",579.997641,"2016-02-29 00:00:00"
"LUXOR CAP PARTN –J",658.34,"2016-02-29 00:00:00"
"LUXOR CAPITAL PART LUXA2/200-2",1070,"2016-02-29 00:00:00"
"LUXOR CAPITAL PART LUXA2/200-4",1065,"2016-02-29 00:00:00"
"LUXOR CAPITAL PART LUXA2/200-5",1105,"2016-02-29 00:00:00"
"LUXOR CAPITAL PARTNR A2/200-1",1014,"2016-02-29 00:00:00"
"LUXOR CAPITAL PARTNR A2/20-1",1085.833333,"2016-02-29 00:00:00"
"NEXTAR FUND CL B",731.83,"2016-02-29 00:00:00"
"PIMCO GLOBAL CRE",1718.88,"2016-02-29 00:00:00"
"Pollux Fund CL A SER 5 SP",1098.913553,"2016-02-29 00:00:00"
"Pollux Fund CL A SER 6 SP",1092.785379,"2016-02-29 00:00:00"
"QVT SI S/O CSI11",1216.86,"2016-02-29 00:00:00"
"QVT SLV O/S 1135",879.01472,"2016-02-29 00:00:00"
"QVT SLV SEB 1064",873.105106,"2016-02-29 00:00:00"
"QVT SP O/S CSI",1236.3812,"2016-02-29 00:00:00"
"Radar Capital Fund CL B",226.64015,"2016-02-29 00:00:00"
"Radar Capital Fund CL B SP1 12/08",99.48,"2016-02-29 00:00:00"
"SAC EX 72 CILTD",0.744951,"2016-02-29 00:00:00"
"SAC EX 72 SCILTD",0.684721,"2016-02-29 00:00:00"
"THE RAPTOR",513.5008,"2016-02-29 00:00:00"
"TIGER GLOBAL.1",708.87438,"2016-02-29 00:00:00"
"TUDOR CLASS",1249.426831,"2016-02-29 00:00:00"
"VERDE GLOBAL MACRO 90 FUND LTD",137.61,"2016-02-29 00:00:00"
"VIKING GLB CL H",3100.4,"2016-02-29 00:00:00"
"Winton Futures B LEAD SERIES",1031.96,"2016-02-29 00:00:00"
"M SQUARE BRAZIL",1.178399,"2016-03-31 00:00:00"
"DYNAMO GLOBAL FD",1995.34,"2016-03-31 00:00:00"
"INDUS JAPAN",3032.179196,"2016-03-31 00:00:00"
"POLAR CAPITAL-JPN-RUSDHDGD",16,"2016-03-31 00:00:00"
"TIGER GLB LONG OPPTY CLAS A SUB",91.25381,"2016-03-31 00:00:00"
"BLUEBAY-EMRG MKT HY CP-I USD",110.05,"2016-03-31 00:00:00"
"MONEDA LATIN AMERICAN CORP",1379.089999,"2016-03-31 00:00:00"
"GS BANK LOAN",128.488656,"2016-03-31 00:00:00"
"GS GLOBAL HIGH YIELD-I USD A",15.83,"2016-03-31 00:00:00"
"BLUEMONTAIN CRED",100,"2016-03-31 00:00:00"
"BREVAN HOWARD FD USD CL B",222.786924,"2016-03-31 00:00:00"
"BREVAN HOWARD FUND LTD (USD)",299.857992,"2016-03-31 00:00:00"
"CLAREN ROAD CRED",1514.383009,"2016-03-31 00:00:00"
"DISCOVERY GLOBAL",916.46098,"2016-03-31 00:00:00"
"DW CATALYST OFFSHORE 1/R 15",162.351401,"2016-03-31 00:00:00"
"SRS Partners CL A S1",2539.791332,"2016-03-31 00:00:00"
"SRS Partners CL B",998.404313,"2016-03-31 00:00:00"
"SRS Partners CL B 1A SIE; 1 INIT",2550.008704,"2016-03-31 00:00:00"
"SRS PTNRS B-1 SER 47 4/15",995.9121,"2016-03-31 00:00:00"
"Valinor Capital Ptnrs",820.14,"2016-03-31 00:00:00"
"WELLINGTON WOLF CREEK P3 S.19",0,"2016-03-31 00:00:00"
"WELLINGTON WOLF CREEK P4 S.19",0,"2016-03-31 00:00:00"
"Wolf Creek CRKSP1 S.119",2.36985,"2016-03-31 00:00:00"
"YORK GLOBAL CRED",114.17984,"2016-03-31 00:00:00"
DBACC49,16.3432,"2016-03-31 00:00:00"
"3G SPECIAL SITUATIONS FUND IV SUB/RED",1564.732081,"2016-03-31 00:00:00"
"BLACK COMM MS II",302.617027,"2016-03-31 00:00:00"
"CAXTON GLOBAL",16.34,"2016-03-31 00:00:00"
"D.E. Shaw Composite Intl B Ordinary",2.01,"2016-03-31 00:00:00"
"DE SHAW COMP SP",1.02,"2016-03-31 00:00:00"
"GREEN HG 90 CL",299.64,"2016-03-31 00:00:00"
"GS INVEST PAR SP",70.491775,"2016-03-31 00:00:00"
"HARBINGER SP",407.647783,"2016-03-31 00:00:00"
"HERMITAGE GLOBAL",28.590004,"2016-03-31 00:00:00"
"INDUS DESIGNATED POSITIO",590.597704,"2016-03-31 00:00:00"
"LUXOR CAP PARTN –J",291.161,"2016-03-31 00:00:00"
"LUXOR CAPITAL PART LUXA2/200-2",1070,"2016-03-31 00:00:00"
"LUXOR CAPITAL PART LUXA2/200-4",1065,"2016-03-31 00:00:00"
"LUXOR CAPITAL PART LUXA2/200-5",1105,"2016-03-31 00:00:00"
"LUXOR CAPITAL PARTNR A2/200-1",1014,"2016-03-31 00:00:00"
"LUXOR CAPITAL PARTNR A2/20-1",1085.833333,"2016-03-31 00:00:00"
"NEXTAR FUND CL B",735.537409,"2016-03-31 00:00:00"
"PIMCO GLOBAL CRE",1716.0772,"2016-03-31 00:00:00"
"Pollux Fund CL A SER 5 SP",1074.764388,"2016-03-31 00:00:00"
"Pollux Fund CL A SER 6 SP",1068.785284,"2016-03-31 00:00:00"
"QVT SI S/O CSI11",1203.708908,"2016-03-31 00:00:00"
"QVT SLV O/S 1135",880.204707,"2016-03-31 00:00:00"
"QVT SLV SEB 1064",900.58458,"2016-03-31 00:00:00"
"QVT SP O/S CSI",1214.683683,"2016-03-31 00:00:00"
"Radar Capital Fund CL B",218.370145,"2016-03-31 00:00:00"
"Radar Capital Fund CL B SP1 12/08",98.759748,"2016-03-31 00:00:00"
"SAC EX 72 CILTD",0.760008,"2016-03-31 00:00:00"
"SAC EX 72 SCILTD",0.659999,"2016-03-31 00:00:00"
"THE RAPTOR",545.29,"2016-03-31 00:00:00"
"TIGER GLOBAL.1",705.705842,"2016-03-31 00:00:00"
"TUDOR CLASS",1263.846946,"2016-03-31 00:00:00"
"VERDE GLOBAL MACRO 90 FUND LTD",138.76,"2016-03-31 00:00:00"
"VIKING GLB CL H",2912.100151,"2016-03-31 00:00:00"
"Winton Futures B LEAD SERIES",1029.96,"2016-03-31 00:00:00"
"M SQUARE BRAZIL",1.254634,"2016-04-29 00:00:00"
"DYNAMO GLOBAL FD",2000.150001,"2016-04-29 00:00:00"
"INDUS JAPAN",3013.069198,"2016-04-29 00:00:00"
"POLAR CAPITAL-JPN-RUSDHDGD",15.81,"2016-04-29 00:00:00"
"TIGER GLB LONG OPPTY CLAS A SUB",91.0261,"2016-04-29 00:00:00"
"BLUEBAY-EMRG MKT HY CP-I USD",113.02,"2016-04-29 00:00:00"
"MONEDA LATIN AMERICAN CORP",1397.740001,"2016-04-29 00:00:00"
"GS BANK LOAN",130.757864,"2016-04-29 00:00:00"
"GS GLOBAL HIGH YIELD-I USD A",16.38,"2016-04-29 00:00:00"
Alphadyne,1000,"2016-04-29 00:00:00"
"BLUEMONTAIN CRED",101.25,"2016-04-29 00:00:00"
"BREVAN HOWARD FD USD CL B",220.896369,"2016-04-29 00:00:00"
"BREVAN HOWARD FUND LTD (USD)",297.310178,"2016-04-29 00:00:00"
"CLAREN ROAD CRED",1535.900726,"2016-04-29 00:00:00"
"DW CATALYST OFFSHORE 1/R 15",165.927075,"2016-04-29 00:00:00"
"Elliot International Limited – Class A",1127.406452,"2016-04-29 00:00:00"
"SRS Partners CL A S1",2454.640907,"2016-04-29 00:00:00"
"SRS Partners CL B 1A SIE; 1 INIT",2465.13567,"2016-04-29 00:00:00"
"SRS PTNRS B-1 SER 47 4/15",962.522851,"2016-04-29 00:00:00"
"Valinor Capital Ptnrs",842.36,"2016-04-29 00:00:00"
"WELLINGTON WOLF CREEK P3 S.19",0,"2016-04-29 00:00:00"
"WELLINGTON WOLF CREEK P4 S.19",0,"2016-04-29 00:00:00"
"Wolf Creek CRKSP1 S.119",1.28217,"2016-04-29 00:00:00"
"YORK GLOBAL CRED",114.17984,"2016-04-29 00:00:00"
DBACC49,15.04555,"2016-04-29 00:00:00"
"3G SPECIAL SITUATIONS FUND IV SUB/RED",1564.732158,"2016-04-29 00:00:00"
"BLACK COMM MS II",302.617027,"2016-04-29 00:00:00"
"CAXTON GLOBAL",16.22,"2016-04-29 00:00:00"
"D.E. Shaw Composite Intl B Ordinary",2.062996,"2016-04-29 00:00:00"
"DE SHAW COMP SP",0.911652,"2016-04-29 00:00:00"
"GREEN HG 90 CL",307.48,"2016-04-29 00:00:00"
"GS INVEST PAR SP",69.115,"2016-04-29 00:00:00"
"HARBINGER SP",411.93774,"2016-04-29 00:00:00"
"HERMITAGE GLOBAL",28.369996,"2016-04-29 00:00:00"
"INDUS DESIGNATED POSITIO",590.597704,"2016-04-29 00:00:00"
"LUXOR CAP PARTN –J",291.16,"2016-04-29 00:00:00"
"LUXOR CAPITAL PART LUXA2/200-2",1070,"2016-04-29 00:00:00"
"LUXOR CAPITAL PART LUXA2/200-4",1199.166667,"2016-04-29 00:00:00"
"LUXOR CAPITAL PART LUXA2/200-5",1245,"2016-04-29 00:00:00"
"LUXOR CAPITAL PARTNR A2/200-1",1216.4,"2016-04-29 00:00:00"
"LUXOR CAPITAL PARTNR A2/20-1",1261.666667,"2016-04-29 00:00:00"
"NEXTAR FUND CL B",746.79,"2016-04-29 00:00:00"
"Pollux Fund CL A SER 5 SP",1074.764388,"2016-04-29 00:00:00"
"Pollux Fund CL A SER 6 SP",1068.785284,"2016-04-29 00:00:00"
"QVT SI S/O CSI11",1220.528019,"2016-04-29 00:00:00"
"QVT SLV O/S 1135",904.904867,"2016-04-29 00:00:00"
"QVT SLV SEB 1064",900.584018,"2016-04-29 00:00:00"
"QVT SP O/S CSI",1214.685056,"2016-04-29 00:00:00"
"Radar Capital Fund CL B",214.020143,"2016-04-29 00:00:00"
"Radar Capital Fund CL B SP1 12/08",98.759748,"2016-04-29 00:00:00"
"SAC EX 72 CILTD",0.74,"2016-04-29 00:00:00"
"SAC EX 72 SCILTD",0.68,"2016-04-29 00:00:00"
"THE RAPTOR",545.29,"2016-04-29 00:00:00"
"TIGER GLOBAL.1",714.529681,"2016-04-29 00:00:00"
"TUDOR CLASS",1270.777044,"2016-04-29 00:00:00"
"VERDE GLOBAL MACRO 90 FUND LTD",141,"2016-04-29 00:00:00"
"VIKING GLB CL H",2917.100153,"2016-04-29 00:00:00"
"Winton Futures B LEAD SERIES",921,"2016-04-29 00:00:00"
"M SQUARE BRAZIL",1.1831,"2016-05-31 00:00:00"
"DYNAMO GLOBAL FD",1977.575842,"2016-05-31 00:00:00"
"INDUS JAPAN",3064.915145,"2016-05-31 00:00:00"
"POLAR CAPITAL-JPN-RUSDHDGD",16.45,"2016-05-31 00:00:00"
"TIGER GLB LONG OPPTY CLAS A SUB",91.107179,"2016-05-31 00:00:00"
"BLUEBAY-EMRG MKT HY CP-I USD",112.6,"2016-05-31 00:00:00"
"MONEDA LATIN AMERICAN CORP",1411.13,"2016-05-31 00:00:00"
"GS BANK LOAN",131.747659,"2016-05-31 00:00:00"
"GS GLOBAL HIGH YIELD-I USD A",16.43,"2016-05-31 00:00:00"
Alphadyne,994.3,"2016-05-31 00:00:00"
"BLUEMONTAIN CRED",98.428,"2016-05-31 00:00:00"
"BREVAN HOWARD FD USD CL B",220.288147,"2016-05-31 00:00:00"
"BREVAN HOWARD FUND LTD (USD)",296.487859,"2016-05-31 00:00:00"
"CLAREN ROAD CRED",1576.604854,"2016-05-31 00:00:00"
"DW CATALYST OFFSHORE 1/R 15",166.104101,"2016-05-31 00:00:00"
"Elliot International Limited – Class A",1116.820199,"2016-05-31 00:00:00"
"SRS Partners CL A S1",2567.803957,"2016-05-31 00:00:00"
"SRS Partners CL B 1A SIE; 1 INIT",2579.332446,"2016-05-31 00:00:00"
"SRS PTNRS B-1 SER 47 4/15",1006.897696,"2016-05-31 00:00:00"
"Valinor Capital Ptnrs",797.450592,"2016-05-31 00:00:00"
"WELLINGTON WOLF CREEK P3 S.19",0,"2016-05-31 00:00:00"
"WELLINGTON WOLF CREEK P4 S.19",0,"2016-05-31 00:00:00"
"Wolf Creek CRKSP1 S.119",0.984597,"2016-05-31 00:00:00"
"YORK GLOBAL CRED",118.463315,"2016-05-31 00:00:00"
DBACC49,15.652137,"2016-05-31 00:00:00"
"3G SPECIAL SITUATIONS FUND IV SUB/RED",1564.732158,"2016-05-31 00:00:00"
"BLACK COMM MS II",185.7376,"2016-05-31 00:00:00"
"CAXTON GLOBAL",16.166698,"2016-05-31 00:00:00"
"D.E. Shaw Composite Intl B Ordinary",2.069527,"2016-05-31 00:00:00"
"DE SHAW COMP SP",0.91,"2016-05-31 00:00:00"
"GREEN HG 90 CL",304.61,"2016-05-31 00:00:00"
"GS INVEST PAR SP",69.736609,"2016-05-31 00:00:00"
"HARBINGER SP",411.93774,"2016-05-31 00:00:00"
"HERMITAGE GLOBAL",28.37,"2016-05-31 00:00:00"
"INDUS DESIGNATED POSITIO",488.839926,"2016-05-31 00:00:00"
"LUXOR CAP PARTN –J",235.3989,"2016-05-31 00:00:00"
"LUXOR CAPITAL PART LUXA2/200-2",1070,"2016-05-31 00:00:00"
"LUXOR CAPITAL PART LUXA2/200-4",1199.166667,"2016-05-31 00:00:00"
"LUXOR CAPITAL PART LUXA2/200-5",1245,"2016-05-31 00:00:00"
"LUXOR CAPITAL PARTNR A2/200-1",1216.4,"2016-05-31 00:00:00"
"LUXOR CAPITAL PARTNR A2/20-1",1261.666667,"2016-05-31 00:00:00"
"NEXTAR FUND CL B",749.205199,"2016-05-31 00:00:00"
"Pollux Fund CL A SER 5 SP",1063.35,"2016-05-31 00:00:00"
"Pollux Fund CL A SER 6 SP",1057.41,"2016-05-31 00:00:00"
"QVT SI S/O CSI11",1222.679464,"2016-05-31 00:00:00"
"QVT SLV O/S 1135",931.2165,"2016-05-31 00:00:00"
"QVT SLV SEB 1064",900.584018,"2016-05-31 00:00:00"
"QVT SP O/S CSI",1233.5582,"2016-05-31 00:00:00"
"Radar Capital Fund CL B",214.610126,"2016-05-31 00:00:00"
"Radar Capital Fund CL B SP1 12/08",96.85,"2016-05-31 00:00:00"
"SAC EX 72 CILTD",0.74,"2016-05-31 00:00:00"
"SAC EX 72 SCILTD",0.68,"2016-05-31 00:00:00"
"THE RAPTOR",545.29,"2016-05-31 00:00:00"
"TIGER GLOBAL.1",731.181987,"2016-05-31 00:00:00"
"TUDOR CLASS",1330.959976,"2016-05-31 00:00:00"
"VERDE GLOBAL MACRO 90 FUND LTD",141.44,"2016-05-31 00:00:00"
"VIKING GLB CL H",3083,"2016-05-31 00:00:00"
"Winton Futures B LEAD SERIES",1009.3,"2016-05-31 00:00:00"
"M SQUARE BRAZIL",1.381314,"2016-06-30 00:00:00"
"DYNAMO GLOBAL FD",1930.68,"2016-06-30 00:00:00"
"INDUS JAPAN",2823.028659,"2016-06-30 00:00:00"
"POLAR CAPITAL-JPN-RUSDHDGD",13.86,"2016-06-30 00:00:00"
"TIGER GLB LONG OPPTY CLAS A SUB",91.52,"2016-06-30 00:00:00"
"BLUEBAY-EMRG MKT HY CP-I USD",116.13,"2016-06-30 00:00:00"
"MONEDA LATIN AMERICAN CORP",1461.07,"2016-06-30 00:00:00"
"GS BANK LOAN",131.7477,"2016-06-30 00:00:00"
"GS GLOBAL HIGH YIELD-I USD A",16.5,"2016-06-30 00:00:00"
Alphadyne,992.0436,"2016-06-30 00:00:00"
"BLUEMONTAIN CRED",100.7811,"2016-06-30 00:00:00"
"BREVAN HOWARD FD USD CL B",222.2487,"2016-06-30 00:00:00"
"BREVAN HOWARD FUND LTD (USD)",299.1294,"2016-06-30 00:00:00"
"CLAREN ROAD CRED",1552.806678,"2016-06-30 00:00:00"
"DW CATALYST OFFSHORE 1/R 15",165.863799,"2016-06-30 00:00:00"
"Elliot International Limited – Class A",1116.820199,"2016-06-30 00:00:00"
"SRS Partners CL A S1",2716.721079,"2016-06-30 00:00:00"
"SRS Partners CL B 1A SIE; 1 INIT",2729.480771,"2016-06-30 00:00:00"
"SRS PTNRS B-1 SER 47 4/15",1065.291736,"2016-06-30 00:00:00"
"Valinor Capital Ptnrs",790,"2016-06-30 00:00:00"
"WELLINGTON WOLF CREEK P3 S.19",0,"2016-06-30 00:00:00"
"WELLINGTON WOLF CREEK P4 S.19",0,"2016-06-30 00:00:00"
"Wolf Creek CRKSP1 S.119",0.819227,"2016-06-30 00:00:00"
"YORK GLOBAL CRED",119.294629,"2016-06-30 00:00:00"
"3G SPECIAL SITUATIONS FUND IV SUB/RED",1749.654276,"2016-06-30 00:00:00"
"BLACK COMM MS II",0,"2016-06-30 00:00:00"
"CAXTON GLOBAL",16.137878,"2016-06-30 00:00:00"
"D.E. Shaw Composite Intl B Ordinary",0,"2016-06-30 00:00:00"
"DE SHAW COMP SP",0,"2016-06-30 00:00:00"
"GREEN HG 90 CL",313.92,"2016-06-30 00:00:00"
"GS INVEST PAR SP",0,"2016-06-30 00:00:00"
"HARBINGER SP",411.94,"2016-06-30 00:00:00"
"HERMITAGE GLOBAL",0,"2016-06-30 00:00:00"
"INDUS DESIGNATED POSITIO",0,"2016-06-30 00:00:00"
"LUXOR CAP PARTN –J",0,"2016-06-30 00:00:00"
"LUXOR CAPITAL PART LUXA2/200-2",1070,"2016-06-30 00:00:00"
"LUXOR CAPITAL PART LUXA2/200-4",1199.166667,"2016-06-30 00:00:00"
"LUXOR CAPITAL PART LUXA2/200-5",1245,"2016-06-30 00:00:00"
"LUXOR CAPITAL PARTNR A2/200-1",1216.4,"2016-06-30 00:00:00"
"LUXOR CAPITAL PARTNR A2/20-1",1261.666667,"2016-06-30 00:00:00"
"NEXTAR FUND CL B",756.04,"2016-06-30 00:00:00"
"Pollux Fund CL A SER 5 SP",0,"2016-06-30 00:00:00"
"Pollux Fund CL A SER 6 SP",0,"2016-06-30 00:00:00"
"QVT SI S/O CSI11",0,"2016-06-30 00:00:00"
"QVT SLV O/S 1135",0,"2016-06-30 00:00:00"
"QVT SLV SEB 1064",0,"2016-06-30 00:00:00"
"QVT SP O/S CSI",0,"2016-06-30 00:00:00"
"Radar Capital Fund CL B",0,"2016-06-30 00:00:00"
"Radar Capital Fund CL B SP1 12/08",0,"2016-06-30 00:00:00"
"SAC EX 72 CILTD",0,"2016-06-30 00:00:00"
"SAC EX 72 SCILTD",0,"2016-06-30 00:00:00"
"THE RAPTOR",0,"2016-06-30 00:00:00"
"TIGER GLOBAL.1",711.253854,"2016-06-30 00:00:00"
"TUDOR CLASS",1318.7,"2016-06-30 00:00:00"
"VERDE GLOBAL MACRO 90 FUND LTD",142.72,"2016-06-30 00:00:00"
"VIKING GLB CL H",3004.6,"2016-06-30 00:00:00"
"Winton Futures B LEAD SERIES",1009.3,"2016-06-30 00:00:00"
"M SQUARE BRAZIL",1.446236,"2016-07-29 00:00:00"
"DYNAMO GLOBAL FD",2037.79,"2016-07-29 00:00:00"
"INDUS JAPAN",2888.56,"2016-07-29 00:00:00"
"POLAR CAPITAL-JPN-RUSDHDGD",14.86,"2016-07-29 00:00:00"
"TIGER GLB LONG OPPTY CLAS A SUB",94.9062,"2016-07-29 00:00:00"
"MONEDA LATIN AMERICAN CORP",1519.99,"2016-07-29 00:00:00"
"GS GLOBAL HIGH YIELD-I USD A",16.97,"2016-07-29 00:00:00"
Alphadyne,1003.87,"2016-07-29 00:00:00"
"BLUEMONTAIN CRED",102.2723,"2016-07-29 00:00:00"
"BREVAN HOWARD FD USD CL B",219.889999,"2016-07-29 00:00:00"
"BREVAN HOWARD FUND LTD (USD)",295.9478,"2016-07-29 00:00:00"
"CLAREN ROAD CRED",1553.299797,"2016-07-29 00:00:00"
"DW CATALYST OFFSHORE 1/R 15",166.358621,"2016-07-29 00:00:00"
"Elliot International Limited – Class A",1133,"2016-07-29 00:00:00"
"ELLIOT INTL LTD A – EQUALIZAT",1,"2016-07-29 00:00:00"
"SRS Partners CL A S1",2761.74,"2016-07-29 00:00:00"
"SRS Partners CL B 1A SIE; 1 INIT",2775.82,"2016-07-29 00:00:00"
"SRS PTNRS B-1 SER 47 4/15",1082.96,"2016-07-29 00:00:00"
"Valinor Capital Ptnrs",831.92,"2016-07-29 00:00:00"
"WELLINGTON WOLF CREEK P3 S.19",0,"2016-07-29 00:00:00"
"WELLINGTON WOLF CREEK P4 S.19",0,"2016-07-29 00:00:00"
"Wolf Creek CRKSP1 S.119",0.597612,"2016-07-29 00:00:00"
"YORK GLOBAL CRED",121.2253,"2016-07-29 00:00:00"
"3G SPECIAL SITUATIONS FUND IV SUB/RED",1749.654276,"2016-07-29 00:00:00"
"BLACK COMM MS II",0,"2016-07-29 00:00:00"
"CAXTON GLOBAL",16.14,"2016-07-29 00:00:00"
"D.E. Shaw Composite Intl B Ordinary",0,"2016-07-29 00:00:00"
"DE SHAW COMP SP",0,"2016-07-29 00:00:00"
"Green Fund Class 90 Jul/16",99.413461,"2016-07-29 00:00:00"
"GREEN HG 90 CL",315.64,"2016-07-29 00:00:00"
"GS INVEST PAR SP",0,"2016-07-29 00:00:00"
"HARBINGER SP",404.83,"2016-07-29 00:00:00"
"HERMITAGE GLOBAL",0,"2016-07-29 00:00:00"
"INDUS DESIGNATED POSITIO",0,"2016-07-29 00:00:00"
"LUXOR CAP PARTN –J",0,"2016-07-29 00:00:00"
"LUXOR CAPITAL PART LUXA2/200-2",1070,"2016-07-29 00:00:00"
"LUXOR CAPITAL PART LUXA2/200-4",1199.166667,"2016-07-29 00:00:00"
"LUXOR CAPITAL PART LUXA2/200-5",1245,"2016-07-29 00:00:00"
"LUXOR CAPITAL PARTNR A2/200-1",1216.4,"2016-07-29 00:00:00"
"LUXOR CAPITAL PARTNR A2/20-1",1261.666667,"2016-07-29 00:00:00"
"NEXTAR FUND CL B",766.36,"2016-07-29 00:00:00"
"Pollux Fund CL A SER 5 SP",0,"2016-07-29 00:00:00"
"Pollux Fund CL A SER 6 SP",0,"2016-07-29 00:00:00"
"QVT SI S/O CSI11",0,"2016-07-29 00:00:00"
"QVT SLV O/S 1135",0,"2016-07-29 00:00:00"
"QVT SLV SEB 1064",0,"2016-07-29 00:00:00"
"QVT SP O/S CSI",0,"2016-07-29 00:00:00"
"Radar Capital Fund CL B",0,"2016-07-29 00:00:00"
"Radar Capital Fund CL B SP1 12/08",0,"2016-07-29 00:00:00"
"SAC EX 72 CILTD",0,"2016-07-29 00:00:00"
"SAC EX 72 SCILTD",0,"2016-07-29 00:00:00"
"THE RAPTOR",0,"2016-07-29 00:00:00"
"TIGER GLOBAL.1",709.0963,"2016-07-29 00:00:00"
"TUDOR CLASS",1252.89,"2016-07-29 00:00:00"
"VERDE GLOBAL MACRO 90 FUND LTD",144.31,"2016-07-29 00:00:00"
"VIKING GLB CL H",3088,"2016-07-29 00:00:00"
"M SQUARE BRAZIL",1.419625,"2016-08-31 00:00:00"
"DYNAMO GLOBAL FD",2058.86,"2016-08-31 00:00:00"
"INDUS JAPAN",2822.67,"2016-08-31 00:00:00"
"TIGER GLB LONG OPPTY CLAS A SUB",98.1729,"2016-08-31 00:00:00"
"MONEDA LATIN AMERICAN CORP",1558.04,"2016-08-31 00:00:00"
"GS GLOBAL HIGH YIELD-I USD A",17.34,"2016-08-31 00:00:00"
Alphadyne,1013.0052,"2016-08-31 00:00:00"
"BLUEMONTAIN CRED",103.7729,"2016-08-31 00:00:00"
"BREVAN HOWARD FD USD CL B",219.406241,"2016-08-31 00:00:00"
"BREVAN HOWARD FUND LTD (USD)",295.1592,"2016-08-31 00:00:00"
"CLAREN ROAD CRED",1535.054826,"2016-08-31 00:00:00"
"DW CATALYST OFFSHORE 1/R 15",168.792597,"2016-08-31 00:00:00"
"Elliot International Limited – Class A",1145,"2016-08-31 00:00:00"
"ELLIOT INTL LTD A – EQUALIZAT",1,"2016-08-31 00:00:00"
"SRS Partners CL A S1",2823.0089,"2016-08-31 00:00:00"
"SRS Partners CL B 1A SIE; 1 INIT",2808.6896,"2016-08-31 00:00:00"
"SRS PTNRS B-1 SER 47 4/15",1101.37032,"2016-08-31 00:00:00"
"Valinor Capital Ptnrs",848.03,"2016-08-31 00:00:00"
"WELLINGTON WOLF CREEK P3 S.19",0,"2016-08-31 00:00:00"
"WELLINGTON WOLF CREEK P4 S.19",0,"2016-08-31 00:00:00"
"Wolf Creek CRKSP1 S.119",0.5979,"2016-08-31 00:00:00"
"YORK GLOBAL CRED",123.470989,"2016-08-31 00:00:00"
"3G SPECIAL SITUATIONS FUND IV SUB/RED",1749.654276,"2016-08-31 00:00:00"
"BLACK COMM MS II",0,"2016-08-31 00:00:00"
"CAXTON GLOBAL",16.080249,"2016-08-31 00:00:00"
"D.E. Shaw Composite Intl B Ordinary",0,"2016-08-31 00:00:00"
"DE SHAW COMP SP",0,"2016-08-31 00:00:00"
"Green Fund Class 90 Jul/16",100.53,"2016-08-31 00:00:00"
"GREEN HG 90 CL",317.33,"2016-08-31 00:00:00"
"GS INVEST PAR SP",0,"2016-08-31 00:00:00"
"HARBINGER SP",408.57,"2016-08-31 00:00:00"
"HERMITAGE GLOBAL",0,"2016-08-31 00:00:00"
"INDUS DESIGNATED POSITIO",0,"2016-08-31 00:00:00"
"LUXOR CAP PARTN –J",0,"2016-08-31 00:00:00"
"NEXTAR FUND CL B",769.58,"2016-08-31 00:00:00"
"Pollux Fund CL A SER 5 SP",0,"2016-08-31 00:00:00"
"Pollux Fund CL A SER 6 SP",0,"2016-08-31 00:00:00"
"QVT SI S/O CSI11",0,"2016-08-31 00:00:00"
"QVT SLV O/S 1135",0,"2016-08-31 00:00:00"
"QVT SLV SEB 1064",0,"2016-08-31 00:00:00"
"QVT SP O/S CSI",0,"2016-08-31 00:00:00"
"Radar Capital Fund CL B",0,"2016-08-31 00:00:00"
"Radar Capital Fund CL B SP1 12/08",0,"2016-08-31 00:00:00"
"SAC EX 72 CILTD",0,"2016-08-31 00:00:00"
"SAC EX 72 SCILTD",0,"2016-08-31 00:00:00"
"THE RAPTOR",0,"2016-08-31 00:00:00"
"TIGER GLOBAL.1",732.8475,"2016-08-31 00:00:00"
"TUDOR CLASS",1261.19,"2016-08-31 00:00:00"
"VERDE GLOBAL MACRO 90 FUND LTD",145.14,"2016-08-31 00:00:00"
"VIKING GLB CL H",3142,"2016-08-31 00:00:00"
"M SQUARE BRAZIL",1.419625,"2016-09-30 00:00:00"
"DYNAMO GLOBAL FD",2058.86,"2016-09-30 00:00:00"
"INDUS JAPAN",2822.67,"2016-09-30 00:00:00"
"TIGER GLB LONG OPPTY CLAS A SUB",98.1729,"2016-09-30 00:00:00"
"MONEDA LATIN AMERICAN CORP",1558.04,"2016-09-30 00:00:00"
"GS GLOBAL HIGH YIELD-I USD A",17.34,"2016-09-30 00:00:00"
Alphadyne,1013.0052,"2016-09-30 00:00:00"
"BLUEMONTAIN CRED",103.7729,"2016-09-30 00:00:00"
"BREVAN HOWARD FD USD CL B",219.406241,"2016-09-30 00:00:00"
"BREVAN HOWARD FUND LTD (USD)",295.1592,"2016-09-30 00:00:00"
"CLAREN ROAD CRED",1535.054826,"2016-09-30 00:00:00"
"DW CATALYST OFFSHORE 1/R 15",168.792597,"2016-09-30 00:00:00"
"Elliot International Limited – Class A",1145,"2016-09-30 00:00:00"
"ELLIOT INTL LTD A – EQUALIZAT",1,"2016-09-30 00:00:00"
"SRS Partners CL A S1",2823.0089,"2016-09-30 00:00:00"
"SRS Partners CL B 1A SIE; 1 INIT",2808.6896,"2016-09-30 00:00:00"
"SRS PTNRS B-1 SER 47 4/15",1101.37032,"2016-09-30 00:00:00"
"Valinor Capital Ptnrs",848.03,"2016-09-30 00:00:00"
"WELLINGTON WOLF CREEK P3 S.19",0,"2016-09-30 00:00:00"
"WELLINGTON WOLF CREEK P4 S.19",0,"2016-09-30 00:00:00"
"Wolf Creek CRKSP1 S.119",0.5979,"2016-09-30 00:00:00"
"YORK GLOBAL CRED",123.470989,"2016-09-30 00:00:00"
"3G SPECIAL SITUATIONS FUND IV SUB/RED",1749.654276,"2016-09-30 00:00:00"
"BLACK COMM MS II",0,"2016-09-30 00:00:00"
"CAXTON GLOBAL",16.080249,"2016-09-30 00:00:00"
"D.E. Shaw Composite Intl B Ordinary",0,"2016-09-30 00:00:00"
"DE SHAW COMP SP",0,"2016-09-30 00:00:00"
"Green Fund Class 90 Jul/16",100.53,"2016-09-30 00:00:00"
"GREEN HG 90 CL",317.33,"2016-09-30 00:00:00"
"GS INVEST PAR SP",0,"2016-09-30 00:00:00"
"HARBINGER SP",408.57,"2016-09-30 00:00:00"
"HERMITAGE GLOBAL",0,"2016-09-30 00:00:00"
"INDUS DESIGNATED POSITIO",0,"2016-09-30 00:00:00"
"LUXOR CAP PARTN –J",0,"2016-09-30 00:00:00"
"NEXTAR FUND CL B",769.58,"2016-09-30 00:00:00"
"Pollux Fund CL A SER 5 SP",0,"2016-09-30 00:00:00"
"Pollux Fund CL A SER 6 SP",0,"2016-09-30 00:00:00"
"QVT SI S/O CSI11",0,"2016-09-30 00:00:00"
"QVT SLV O/S 1135",0,"2016-09-30 00:00:00"
"QVT SLV SEB 1064",0,"2016-09-30 00:00:00"
"QVT SP O/S CSI",0,"2016-09-30 00:00:00"
"Radar Capital Fund CL B",0,"2016-09-30 00:00:00"
"Radar Capital Fund CL B SP1 12/08",0,"2016-09-30 00:00:00"
"SAC EX 72 CILTD",0,"2016-09-30 00:00:00"
"SAC EX 72 SCILTD",0,"2016-09-30 00:00:00"
"THE RAPTOR",0,"2016-09-30 00:00:00"
"TIGER GLOBAL.1",732.8475,"2016-09-30 00:00:00"
"TUDOR CLASS",1261.19,"2016-09-30 00:00:00"
"VERDE GLOBAL MACRO 90 FUND LTD",145.14,"2016-09-30 00:00:00"
"VIKING GLB CL H",3142,"2016-09-30 00:00:00"
"M SQUARE BRAZIL",1.496495,"2016-10-31 00:00:00"
"Verta Fund Class A",1000,"2016-10-31 00:00:00"
"DYNAMO GLOBAL FD",1994.01,"2016-10-31 00:00:00"
"INDUS JAPAN",2906.64,"2016-10-31 00:00:00"
"TIGER GLB LONG OPPTY CLAS A SUB",103.1358,"2016-10-31 00:00:00"
"Copernico Argentina Fund",10000,"2016-10-31 00:00:00"
"MONEDA LATIN AMERICAN CORP",1623.2,"2016-10-31 00:00:00"
"JPM GLBL HI YLD BD-I ACC USD",171.75,"2016-10-31 00:00:00"
Alphadyne,1027.3,"2016-10-31 00:00:00"
"BLUEMONTAIN CRED",105.117407,"2016-10-31 00:00:00"
"BREVAN HOWARD FD USD CL B",218.762,"2016-10-31 00:00:00"
"BREVAN HOWARD FUND LTD (USD)",294.618,"2016-10-31 00:00:00"
"CLAREN ROAD CRED",1469.242,"2016-10-31 00:00:00"
"DW CATALYST OFFSHORE 1/R 15",172.015266,"2016-10-31 00:00:00"
"Elliot International Limited – Class A",1160,"2016-10-31 00:00:00"
"ELLIOT INTL LTD A – EQUALIZAT",1,"2016-10-31 00:00:00"
"SRS Partners CL A S1",2952.746844,"2016-10-31 00:00:00"
"SRS Partners CL B 1A SIE; 1 INIT",2968.994564,"2016-10-31 00:00:00"
"SRS PTNRS B-1 SER 47 4/15",1157.843089,"2016-10-31 00:00:00"
"Valinor Capital Ptnrs",843.6,"2016-10-31 00:00:00"
"WELLINGTON WOLF CREEK P3 S.19",0,"2016-10-31 00:00:00"
"WELLINGTON WOLF CREEK P4 S.19",0,"2016-10-31 00:00:00"
"Wolf Creek CRKSP1 S.119",0.3772,"2016-10-31 00:00:00"
"YORK GLOBAL CRED",126.494,"2016-10-31 00:00:00"
"3G SPECIAL SITUATIONS FUND IV SUB/RED",1764.572035,"2016-10-31 00:00:00"
"BLACK COMM MS II",0,"2016-10-31 00:00:00"
"CAXTON GLOBAL",16.050593,"2016-10-31 00:00:00"
"D.E. Shaw Composite Intl B Ordinary",0,"2016-10-31 00:00:00"
"DE SHAW COMP SP",0,"2016-10-31 00:00:00"
"Green Fund Class 90 Jul/16",100.72,"2016-10-31 00:00:00"
"GREEN HG 90 CL",317.93,"2016-10-31 00:00:00"
"GS INVEST PAR SP",0,"2016-10-31 00:00:00"
"HARBINGER SP",408.57,"2016-10-31 00:00:00"
"HERMITAGE GLOBAL",0,"2016-10-31 00:00:00"
"INDUS DESIGNATED POSITIO",0,"2016-10-31 00:00:00"
"LUXOR CAP PARTN –J",0,"2016-10-31 00:00:00"
"NEXTAR FUND CL B",771.72,"2016-10-31 00:00:00"
"Pollux Fund CL A SER 5 SP",0,"2016-10-31 00:00:00"
"Pollux Fund CL A SER 6 SP",0,"2016-10-31 00:00:00"
"QVT SI S/O CSI11",0,"2016-10-31 00:00:00"
"QVT SLV O/S 1135",0,"2016-10-31 00:00:00"
"QVT SLV SEB 1064",0,"2016-10-31 00:00:00"
"QVT SP O/S CSI",0,"2016-10-31 00:00:00"
"Radar Capital Fund CL B",0,"2016-10-31 00:00:00"
"Radar Capital Fund CL B SP1 12/08",0,"2016-10-31 00:00:00"
"SAC EX 72 CILTD",0,"2016-10-31 00:00:00"
"SAC EX 72 SCILTD",0,"2016-10-31 00:00:00"
"THE RAPTOR",0,"2016-10-31 00:00:00"
"TIGER GLOBAL.1",764.462396,"2016-10-31 00:00:00"
"TUDOR CLASS",1214.46,"2016-10-31 00:00:00"
"VERDE GLOBAL MACRO 90 FUND LTD",144.74,"2016-10-31 00:00:00"
"VIKING GLB CL H",3104.7,"2016-10-31 00:00:00"
"M SQUARE BRAZIL",1.496495,"2016-11-30 00:00:00"
"Verta Fund Class A",1000,"2016-11-30 00:00:00"
"DYNAMO GLOBAL FD",1994.01,"2016-11-30 00:00:00"
"INDUS JAPAN",2906.64,"2016-11-30 00:00:00"
"TIGER GLB LONG OPPTY CLAS A SUB",103.1358,"2016-11-30 00:00:00"
"Copernico Argentina Fund",10000,"2016-11-30 00:00:00"
"MONEDA LATIN AMERICAN CORP",1623.2,"2016-11-30 00:00:00"
"JPM GLBL HI YLD BD-I ACC USD",171.75,"2016-11-30 00:00:00"
Alphadyne,1027.3,"2016-11-30 00:00:00"
"BLUEMONTAIN CRED",105.117407,"2016-11-30 00:00:00"
"BREVAN HOWARD FD USD CL B",218.762,"2016-11-30 00:00:00"
"BREVAN HOWARD FUND LTD (USD)",294.618,"2016-11-30 00:00:00"
"CLAREN ROAD CRED",1469.242,"2016-11-30 00:00:00"
"DW CATALYST OFFSHORE 1/R 15",172.015266,"2016-11-30 00:00:00"
"Elliot International Limited – Class A",1160,"2016-11-30 00:00:00"
"ELLIOT INTL LTD A – EQUALIZAT",1,"2016-11-30 00:00:00"
"SRS Partners CL A S1",2952.746844,"2016-11-30 00:00:00"
"SRS Partners CL B 1A SIE; 1 INIT",2968.994564,"2016-11-30 00:00:00"
"SRS PTNRS B-1 SER 47 4/15",1157.843089,"2016-11-30 00:00:00"
"Valinor Capital Ptnrs",843.6,"2016-11-30 00:00:00"
"WELLINGTON WOLF CREEK P3 S.19",0,"2016-11-30 00:00:00"
"WELLINGTON WOLF CREEK P4 S.19",0,"2016-11-30 00:00:00"
"Wolf Creek CRKSP1 S.119",0.3772,"2016-11-30 00:00:00"
"YORK GLOBAL CRED",126.494,"2016-11-30 00:00:00"
"3G SPECIAL SITUATIONS FUND IV SUB/RED",1764.572035,"2016-11-30 00:00:00"
"BLACK COMM MS II",0,"2016-11-30 00:00:00"
"CAXTON GLOBAL",16.050593,"2016-11-30 00:00:00"
"D.E. Shaw Composite Intl B Ordinary",0,"2016-11-30 00:00:00"
"DE SHAW COMP SP",0,"2016-11-30 00:00:00"
"Green Fund Class 90 Jul/16",100.72,"2016-11-30 00:00:00"
"GREEN HG 90 CL",317.93,"2016-11-30 00:00:00"
"GS INVEST PAR SP",0,"2016-11-30 00:00:00"
"HARBINGER SP",408.57,"2016-11-30 00:00:00"
"HERMITAGE GLOBAL",0,"2016-11-30 00:00:00"
"INDUS DESIGNATED POSITIO",0,"2016-11-30 00:00:00"
"LUXOR CAP PARTN –J",0,"2016-11-30 00:00:00"
"NEXTAR FUND CL B",771.72,"2016-11-30 00:00:00"
"Pollux Fund CL A SER 5 SP",0,"2016-11-30 00:00:00"
"Pollux Fund CL A SER 6 SP",0,"2016-11-30 00:00:00"
"QVT SI S/O CSI11",0,"2016-11-30 00:00:00"
"QVT SLV O/S 1135",0,"2016-11-30 00:00:00"
"QVT SLV SEB 1064",0,"2016-11-30 00:00:00"
"QVT SP O/S CSI",0,"2016-11-30 00:00:00"
"Radar Capital Fund CL B",0,"2016-11-30 00:00:00"
"Radar Capital Fund CL B SP1 12/08",0,"2016-11-30 00:00:00"
"SAC EX 72 CILTD",0,"2016-11-30 00:00:00"
"SAC EX 72 SCILTD",0,"2016-11-30 00:00:00"
"THE RAPTOR",0,"2016-11-30 00:00:00"
"TIGER GLOBAL.1",764.462396,"2016-11-30 00:00:00"
"TUDOR CLASS",1214.46,"2016-11-30 00:00:00"
"VERDE GLOBAL MACRO 90 FUND LTD",144.74,"2016-11-30 00:00:00"
"VIKING GLB CL H",3104.7,"2016-11-30 00:00:00"
"M SQUARE BRAZIL",1.353587,"2016-12-30 00:00:00"
"Verta Fund Class A",905.46,"2016-12-30 00:00:00"
"DYNAMO GLOBAL FD",2047.26,"2016-12-30 00:00:00"
"INDUS JAPAN",3050.71,"2016-12-30 00:00:00"
"TIGER GLB LONG OPPTY CLAS A SUB",104.27391,"2016-12-30 00:00:00"
"Copernico Argentina Fund",10048.307175,"2016-12-30 00:00:00"
"CSHG Bond Fund",100.18,"2016-12-30 00:00:00"
"MONEDA LATIN AMERICAN CORP",1668.54,"2016-12-30 00:00:00"
"JPM GLBL HI YLD BD-I ACC USD",173.4,"2016-12-30 00:00:00"
Alphadyne,1151.774456,"2016-12-30 00:00:00"
"BLUEMONTAIN CRED",108.968957,"2016-12-30 00:00:00"
"BREVAN HOWARD FD USD CL B",231.760076,"2016-12-30 00:00:00"
"BREVAN HOWARD FUND LTD (USD)",311.951298,"2016-12-30 00:00:00"
"CLAREN ROAD CRED",1741.280443,"2016-12-30 00:00:00"
"DW CATALYST OFFSHORE 1/R 15",176.304377,"2016-12-30 00:00:00"
"Elliot International Jan/17",1000,"2016-12-30 00:00:00"
"Elliot International Limited – Class A",1205,"2016-12-30 00:00:00"
"ELLIOT INTL LTD A – EQUALIZAT",1,"2016-12-30 00:00:00"
"SRS Partners CL A S1",2965.626391,"2016-12-30 00:00:00"
"SRS Partners CL B 1A SIE; 1 INIT",2983.729487,"2016-12-30 00:00:00"
"SRS PTNRS B-1 SER 47 4/15",1162.893394,"2016-12-30 00:00:00"
"Valinor Capital Ptnrs",869.125234,"2016-12-30 00:00:00"
"WELLINGTON WOLF CREEK P3 S.19",0,"2016-12-30 00:00:00"
"WELLINGTON WOLF CREEK P4 S.19",0,"2016-12-30 00:00:00"
"Wolf Creek CRKSP1 S.119",0.00831,"2016-12-30 00:00:00"
"YORK GLOBAL CRED",128.772612,"2016-12-30 00:00:00"
"3G SPECIAL SITUATIONS FUND IV SUB/RED",1723.5789,"2016-12-30 00:00:00"
"BLACK COMM MS II",0,"2016-12-30 00:00:00"
"CAXTON GLOBAL",15.99,"2016-12-30 00:00:00"
"D.E. Shaw Composite Intl B Ordinary",0,"2016-12-30 00:00:00"
"DE SHAW COMP SP",0,"2016-12-30 00:00:00"
"Green Fund Class 90 Jul/16",102.7622,"2016-12-30 00:00:00"
"GREEN HG 90 CL",324.3561,"2016-12-30 00:00:00"
"GS INVEST PAR SP",0,"2016-12-30 00:00:00"
"HARBINGER SP",419.05,"2016-12-30 00:00:00"
"HERMITAGE GLOBAL",0,"2016-12-30 00:00:00"
"INDUS DESIGNATED POSITIO",0,"2016-12-30 00:00:00"
"LUXOR CAP PARTN –J",0,"2016-12-30 00:00:00"
"NEXTAR FUND CL B",787.55,"2016-12-30 00:00:00"
"Pollux Fund CL A SER 5 SP",0,"2016-12-30 00:00:00"
"Pollux Fund CL A SER 6 SP",0,"2016-12-30 00:00:00"
"QVT SI S/O CSI11",0,"2016-12-30 00:00:00"
"QVT SLV O/S 1135",0,"2016-12-30 00:00:00"
"QVT SLV SEB 1064",0,"2016-12-30 00:00:00"
"QVT SP O/S CSI",0,"2016-12-30 00:00:00"
"Radar Capital Fund CL B",0,"2016-12-30 00:00:00"
"Radar Capital Fund CL B SP1 12/08",0,"2016-12-30 00:00:00"
"SAC EX 72 CILTD",0,"2016-12-30 00:00:00"
"SAC EX 72 SCILTD",0,"2016-12-30 00:00:00"
"THE RAPTOR",0,"2016-12-30 00:00:00"
"TIGER GLOBAL.1",760.464778,"2016-12-30 00:00:00"
"TUDOR CLASS",1182.02,"2016-12-30 00:00:00"
"VERDE GLOBAL MACRO 90 FUND LTD",148.7995,"2016-12-30 00:00:00"
"VIKING GLB CL H",3063.8,"2016-12-30 00:00:00"
"M SQUARE BRAZIL",1.464581,"2017-01-31 00:00:00"
"Verta Fund Class A",999.86,"2017-01-31 00:00:00"
"DYNAMO GLOBAL FD",1996.677855,"2017-01-31 00:00:00"
"INDUS JAPAN",3050.71,"2017-01-31 00:00:00"
"TIGER GLB LONG OPPTY CLAS A SUB",112.511549,"2017-01-31 00:00:00"
"Copernico Argentina Fund",10801.930213,"2017-01-31 00:00:00"
"CSHG Bond Fund",101.12,"2017-01-31 00:00:00"
"MONEDA LATIN AMERICAN CORP",1721.23,"2017-01-31 00:00:00"
"JPM GLBL HI YLD BD-I ACC USD",175.43,"2017-01-31 00:00:00"
Alphadyne,1043.9816,"2017-01-31 00:00:00"
"BLUEMONTAIN CRED",110.570259,"2017-01-31 00:00:00"
"BREVAN HOWARD FD USD CL B",228.306851,"2017-01-31 00:00:00"
"BREVAN HOWARD FUND LTD (USD)",307.303224,"2017-01-31 00:00:00"
"CLAREN ROAD CRED",1717.42,"2017-01-31 00:00:00"
"DW CATALYST OFFSHORE 1/R 15",177.903337,"2017-01-31 00:00:00"
"Elliot International Jan/17",1021,"2017-01-31 00:00:00"
"Elliot International Limited – Class A",1229.1,"2017-01-31 00:00:00"
"ELLIOT INTL LTD A – EQUALIZAT",1,"2017-01-31 00:00:00"
"HG Vora",100,"2017-01-31 00:00:00"
"SRS Partners CL A S1",3105.010831,"2017-01-31 00:00:00"
"SRS Partners CL B 1A SIE; 1 INIT",3123.964773,"2017-01-31 00:00:00"
"SRS PTNRS B-1 SER 47 4/15",1217.549383,"2017-01-31 00:00:00"
"Valinor Capital Ptnrs",898.6754,"2017-01-31 00:00:00"
"WELLINGTON WOLF CREEK P3 S.19",0,"2017-01-31 00:00:00"
"WELLINGTON WOLF CREEK P4 S.19",0,"2017-01-31 00:00:00"
"Wolf Creek CRKSP1 S.119",0.0003,"2017-01-31 00:00:00"
"YORK GLOBAL CRED",130.575427,"2017-01-31 00:00:00"
"3G SPECIAL SITUATIONS FUND IV SUB/RED",1723.5789,"2017-01-31 00:00:00"
"BLACK COMM MS II",0,"2017-01-31 00:00:00"
"CAXTON GLOBAL",15.96501,"2017-01-31 00:00:00"
"D.E. Shaw Composite Intl B Ordinary",0,"2017-01-31 00:00:00"
"DE SHAW COMP SP",0,"2017-01-31 00:00:00"
"GREEN HG 90 CL",322.1703,"2017-01-31 00:00:00"
"GS INVEST PAR SP",0,"2017-01-31 00:00:00"
"HARBINGER SP",419.05,"2017-01-31 00:00:00"
"HERMITAGE GLOBAL",0,"2017-01-31 00:00:00"
"INDUS DESIGNATED POSITIO",0,"2017-01-31 00:00:00"
"LUXOR CAP PARTN –J",0,"2017-01-31 00:00:00"
"NEXTAR FUND CL B",804.8548,"2017-01-31 00:00:00"
"Pollux Fund CL A SER 5 SP",0,"2017-01-31 00:00:00"
"Pollux Fund CL A SER 6 SP",0,"2017-01-31 00:00:00"
"QVT SI S/O CSI11",0,"2017-01-31 00:00:00"
"QVT SLV O/S 1135",0,"2017-01-31 00:00:00"
"QVT SLV SEB 1064",0,"2017-01-31 00:00:00"
"QVT SP O/S CSI",0,"2017-01-31 00:00:00"
"Radar Capital Fund CL B",0,"2017-01-31 00:00:00"
"Radar Capital Fund CL B SP1 12/08",0,"2017-01-31 00:00:00"
"SAC EX 72 CILTD",0,"2017-01-31 00:00:00"
"SAC EX 72 SCILTD",0,"2017-01-31 00:00:00"
"THE RAPTOR",0,"2017-01-31 00:00:00"
"TIGER GLOBAL.1",802.290341,"2017-01-31 00:00:00"
"TUDOR CLASS",1208.41,"2017-01-31 00:00:00"
"VERDE GLOBAL MACRO 90 FUND LTD",147.4556,"2017-01-31 00:00:00"
"VIKING GLB CL H",3118.3,"2017-01-31 00:00:00"
"M SQUARE BRAZIL",1.516831,"2017-02-28 00:00:00"
"Verta Fund Class A",1075.03,"2017-02-28 00:00:00"
"DYNAMO GLOBAL FD",2013.62,"2017-02-28 00:00:00"
"INDUS JAPAN",3050.71,"2017-02-28 00:00:00"
"TIGER GLB LONG OPPTY CLAS A SUB",116.792542,"2017-02-28 00:00:00"
"Copernico Argentina Fund ltd",14938.256253,"2017-02-28 00:00:00"
"CSHG Bond Fund",102.62,"2017-02-28 00:00:00"
"MONEDA LATIN AMERICAN CORP",1767.17,"2017-02-28 00:00:00"
"JPM GLBL HI YLD BD-I ACC USD",177.84,"2017-02-28 00:00:00"
"Alphadyne Intl CL 1A S1 Unrest",2122.49288,"2017-02-28 00:00:00"
"BLUE MTN CR ALT S ELIG JAN17 R",102.233829,"2017-02-28 00:00:00"
"BREVAN HOWARD FD USD CL B",232.895819,"2017-02-28 00:00:00"
"BREVAN HOWARD FUND LTD (USD)",313.480018,"2017-02-28 00:00:00"
"CLAREN ROAD CRED",1722.057034,"2017-02-28 00:00:00"
"DW CATALYST OFFSHORE 1/R 15",177.461889,"2017-02-28 00:00:00"
"Elliot International Jan/17",1028.147,"2017-02-28 00:00:00"
"Elliot International Limited – Class A",1238.4,"2017-02-28 00:00:00"
